file,total_traces,num_variants,multiple_ts_%,%_conc_act,traces_with_duplicates,num_activities,total_activities,num_concurrent_activities,num_blocks_all,mean_block_size_all,std_block_size_all,max_block_size_all,min_block_size_all,num_blocks_concurrent,mean_block_size_concurrent,std_block_size_concurrent,max_block_size_concurrent,min_block_size_concurrent,mean_concurrent_blocks_per_trace,std_concurrent_blocks_per_trace,max_concurrent_blocks_per_trace,mean_pct_concurrent_activities_per_trace,std_pct_concurrent_activities_per_trace,mean_trace_size,std_trace_size,max_trace_size,min_trace_size,finest_timestamp_granularity,timestamp_granularity_pcts
BPI Challenge 2017.xes.gz,31509,15930,0.0,0.0,0,26,1202267,0,1202267,1.0,0.0,1,1,0,0.0,0.0,0,0,0.0,0.0,0,0.0,0.0,38.15630454790695,16.715308056564382,180,10,milliseconds,"{'milliseconds': 99.90210161303604, 'seconds': 0.09681709636877665, 'minutes': 0.0010812905951839316}"
BPI_Challenge_2012_W.xes.gz,9658,2643,0.0,0.0,2,7,170107,4,170105,1.0000117574439318,0.003428902858428482,2,1,2,2.0,0.0,2,2,0.0002070822116380203,0.014389606245360682,1,0.0022535417148843388,0.1571067684444844,17.61306688755436,15.987572290355354,156,2,milliseconds,"{'milliseconds': 99.8912449223136, 'seconds': 0.10699148183202338, 'minutes': 0.0017635958543740116}"
BPIC18_Parcel_document.xes.gz,14750,3615,0.82,0.2,12132,10,132963,26448,118647,1.1206604465346786,0.37804470354863073,3,1,12132,2.1800197823936696,0.3842197659663633,3,2,0.8225084745762712,0.3820970845326063,1,28.67971555752036,21.953687037533037,9.014440677966101,5.66023274583047,112,3,seconds,"{'seconds': 98.3589419612975, 'minutes': 1.6042056812797543, 'hours': 0.03685235742274166}"
BPI_Challenge_2012.xes.gz,13087,4366,0.38,0.1,5006,24,262200,25369,248205,1.0563848431739893,0.2861535076025046,4,1,11374,2.2304378406892913,0.5850674443986371,4,2,0.869106747153664,1.2393140940251026,8,5.368140916347902,7.551933012099952,20.035149384885763,19.944320767169383,175,3,milliseconds,"{'milliseconds': 99.89092295957285, 'seconds': 0.10717009916094584, 'minutes': 0.001906941266209001}"
BPI_Challenge_2012_A.xes.gz,13087,17,0.17,0.1,2246,10,60849,5958,57137,1.064966659082556,0.3347584403888968,3,1,2246,2.652715939447907,0.4762129900832132,3,2,0.17162069229005883,0.3770648410067417,1,5.6907618247115455,12.743855562011241,4.649575915030183,1.8828796454659094,8,3,milliseconds,"{'milliseconds': 99.88167430853424, 'seconds': 0.11668227908429062, 'minutes': 0.001643412381468882}"
PrepaidTravelCost.xes.gz,2099,202,0.03,0.01,65,29,18246,138,18177,1.0037960059415745,0.061496376599266996,2,1,69,2.0,0.0,2,2,0.03287279656979514,0.18873389935266993,2,0.6471219215383103,3.6935739562753147,8.692710814673655,2.254409774126707,21,1,seconds,"{'seconds': 98.51474295736051, 'minutes': 1.4414118162885017, 'hours': 0.04384522635098104}"
BPI Challenge 2018.xes.gz,43809,28457,1.0,0.13,43809,41,2514266,336339,2308225,1.0892638282663085,0.3989182432477483,6,1,130298,2.58130592948472,0.6780209345751761,6,2,2.97422903969504,1.4897377265865124,14,14.072188080962013,5.801816392355456,57.39154055102833,34.87252852373093,2973,24,milliseconds,"{'days': 4.698548204525695, 'seconds': 18.43655365025021, 'milliseconds': 76.33062691059736, 'hours': 0.229291570581633, 'minutes': 0.3049796640450931}"
BPI_Challenge_2013_closed_problems.xes.gz,1487,183,0.0,0.0,0,4,6660,0,6660,1.0,0.0,1,1,0,0.0,0.0,0,0,0.0,0.0,0,0.0,0.0,4.478816408876933,3.1719542694586185,35,1,seconds,"{'seconds': 97.97297297297297, 'minutes': 2.012012012012012, 'hours': 0.015015015015015015}"
BPIC15_3.xes,1409,1349,0.98,0.59,1381,383,59681,35048,32906,1.8136813954901843,2.979903720853564,56,1,8273,4.236431765985737,5.2422174454954975,56,2,5.871540099361249,3.320022414652607,21,56.58108024129366,28.78011098068198,42.3569907735983,16.14413579240399,124,3,seconds,"{'days': 42.62663159129371, 'seconds': 56.51044721100518, 'minutes': 0.8578944722776092, 'hours': 0.005026725423501617}"
BPI_Challenge_2012_O.xes.gz,5015,168,0.27,0.12,1363,7,31244,3750,29369,1.0638428274711431,0.24447690270284417,2,1,1875,2.0,0.0,2,2,0.37387836490528414,0.7167685074689599,6,6.914844673389489,11.597552635336402,6.230109670987039,3.169473633148691,30,3,milliseconds,"{'milliseconds': 99.90718217897836, 'seconds': 0.0896172065036487, 'minutes': 0.0032006145179874538}"
BPI_Challenge_2013_open_problems.xes.gz,819,108,0.0,0.0,0,3,2351,0,2351,1.0,0.0,1,1,0,0.0,0.0,0,0,0.0,0.0,0,0.0,0.0,2.8705738705738706,2.0839005738782994,22,1,seconds,"{'seconds': 98.00085070182901, 'minutes': 1.9140791152700978, 'hours': 0.08507018290089324}"
BPIC18_Entitlement_application.xes.gz,15260,2553,1.0,0.11,15259,20,293245,31894,277298,1.057508528730824,0.2328121416872829,2,1,15947,2.0,0.0,2,2,1.0450196592398426,0.2961260562700615,10,11.471380696669382,2.573244636939716,19.216579292267365,6.78725229561253,101,9,milliseconds,"{'days': 10.406997561765758, 'milliseconds': 89.51934389333151, 'seconds': 0.07263550955685519, 'minutes': 0.0010230353458711998}"
BPIC15_5.xes,1156,1153,1.0,0.71,1153,389,59083,41821,24868,2.3758645649026864,4.014149351726936,77,1,7606,5.498422298185643,6.216068772826174,77,2,6.579584775086505,3.9634344065433282,24,69.2760150626688,26.60778180509505,51.1098615916955,16.036890576878235,154,5,seconds,"{'days': 49.00563613899091, 'seconds': 50.219183182979876, 'minutes': 0.7633329384086793, 'hours': 0.011847739620533825}"
Sepsis.xes.gz,1050,846,0.96,0.49,1006,16,15214,7526,10767,1.4130212686913717,0.7057455361919509,4,1,3079,2.444300097434232,0.5021712009966839,4,2,2.9323809523809525,3.8330506717820785,70,42.56139268962372,15.099279617438947,14.48952380952381,11.475940960811835,185,3,seconds,"{'seconds': 37.8795845931379, 'minutes': 27.88221375049297, 'hours': 34.172472722492444, 'days': 0.06572893387669253}"
Electronic Invoicing.xes,20135,4,1.0,1.0,20135,9,309036,309036,154512,2.0000776638707674,0.012462853409422537,4,2,154512,2.0000776638707674,0.012462853409422537,4,2,7.673801837596225,2.0697522952973255,10,100.0,0.0,15.34819965234666,4.139646470825375,20,8,seconds,"{'seconds': 98.35164835164835, 'minutes': 1.6211703490855434, 'hours': 0.02718129926610492}"
BPIC15_1.xes,1199,1170,0.98,0.58,1170,398,52217,30433,28661,1.8218833955549352,3.0560461090201763,48,1,6877,4.425330812854442,5.478034133312424,48,2,5.735613010842369,3.0697497253018597,19,55.512291738472726,30.10805606677284,43.55045871559633,16.98862177525868,101,2,seconds,"{'days': 45.94289216155658, 'seconds': 53.16850834019572, 'minutes': 0.8656184767412912, 'hours': 0.02298102150640596}"
BPIC15_2.xes,832,828,0.99,0.67,827,410,44354,29594,21193,2.092860850280753,3.685488578086198,80,1,6433,4.600341986631432,5.976886960929032,80,2,7.731971153846154,5.1741314306598465,25,64.41713969683282,26.672200655971206,53.31009615384615,19.906943415300127,132,1,seconds,"{'days': 43.8562474635884, 'seconds': 55.259954006403035, 'minutes': 0.8680164134012717, 'hours': 0.015782116607295848}"
RequestForPayment.xes.gz,6886,89,0.0,0.0,20,19,36796,40,36776,1.0005438329345224,0.023314200829853166,2,1,20,2.0,0.0,2,2,0.002904443799012489,0.05381847852680051,1,0.0927808435795656,1.7344528096086007,5.343595701423178,1.4674909829715472,20,1,seconds,"{'seconds': 98.3612349168388, 'minutes': 1.6224589629307533, 'hours': 0.016306120230459832}"
BPIC18_Inspection.xes.gz,5485,3190,0.77,0.13,4214,15,197717,26290,182493,1.0834223778446297,0.34986460756332244,5,1,11066,2.375745526838966,0.4906399170351955,5,2,2.0175022789425707,2.254112045251857,8,19.186556368248457,20.022484399913527,36.04685505925251,49.93495579289374,780,2,milliseconds,"{'milliseconds': 99.89075294486565, 'seconds': 0.10722396152075947, 'minutes': 0.0020230936135992353}"
Hospital_Billing.xes.gz,100000,1020,0.0,0.0,104,18,451359,1010,450854,1.0011200965279226,0.03344913142821541,2,1,505,2.0,0.0,2,2,0.00505,0.1811762284303807,16,0.0835031348039408,2.733617647931027,4.51359,2.7819979703492,217,1,seconds,"{'seconds': 98.36471633444775, 'minutes': 1.6129067992440607, 'hours': 0.021490653781136525, 'days': 0.0008862125270571763}"
BPIC18_Control_summary.xes.gz,43808,59,1.0,0.81,43808,7,161296,131210,73894,2.1828023926164506,0.9816823756378311,3,1,43808,2.995115047479912,0.06972231152948312,3,2,1.0,0.0,1,89.11579365217374,19.467513362215506,3.681884587289993,1.6605924056990884,42,3,seconds,"{'seconds': 98.36201765697848, 'minutes': 1.5958238270012897, 'hours': 0.042158516020236084}"
BPIC18_Department_control_parcels.xes.gz,29297,349,0.0,0.0,44,6,46669,88,46625,1.0009436997319034,0.03070552693345685,2,1,44,2.0,0.0,2,2,0.0015018602587295628,0.03872539041156138,1,0.05805350891878524,1.5491783081621888,1.59296173669659,1.6432078553596672,43,1,seconds,"{'seconds': 98.31151299577878, 'minutes': 1.6713450041783626, 'hours': 0.017142000042855}"
CCC19 - Log XES.xes.gz,20,20,1.0,0.97,20,29,1394,1349,361,3.8614958448753463,2.446695499514355,13,1,316,4.268987341772152,2.346314960081607,13,2,15.8,3.6215727900574097,27,96.93633700004355,2.263816857024349,69.7,14.857569398157043,118,52,minutes,"{'hours': 2.7977044476327118, 'minutes': 97.05882352941177, 'days': 0.1434720229555237}"
DomesticDeclarations.xes.gz,10500,99,0.0,0.0,10,17,56437,20,56427,1.0001772201251173,0.013311343220764469,2,1,10,2.0,0.0,2,2,0.0009523809523809524,0.030847439895355194,1,0.03174603174603173,1.0282479965118396,5.374952380952381,1.4864153718914082,24,1,seconds,"{'seconds': 98.58780587203431, 'minutes': 1.380300157697964, 'hours': 0.031893970267732163}"
BPIC18_Geo_parcel_document.xes.gz,29059,9274,0.04,0.0,1110,16,569209,2234,568092,1.0019662308217683,0.04429862540122374,2,1,1117,2.0,0.0,2,2,0.03843903781960838,0.19368369335855062,3,0.3122826574269312,1.8322361717664766,19.5880450118724,14.358016664459477,680,4,milliseconds,"{'milliseconds': 99.90407741269024, 'seconds': 0.09521985773239706, 'minutes': 0.0007027295773608639}"
BPI_Challenge_2019.xes,251734,11973,0.08,0.17,19365,42,1595923,278069,1362460,1.1713540214024631,1.5751039913610934,48,1,44606,6.233892301484105,7.0202052804419655,48,2,0.17719497564889924,1.772300878032915,289,3.633724819617498,14.876408978379466,6.33971970413214,13.057442863247045,990,1,minutes,"{'minutes': 95.62742062117032, 'hours': 4.361801916508503, 'days': 0.010777462321177149}"
InternationalDeclarations.xes.gz,6449,753,0.06,0.01,374,34,72151,758,71772,1.0052806108231622,0.07247619719466673,2,1,379,2.0,0.0,2,2,0.05876880136455264,0.23913312227279054,3,1.0993281610613994,4.508724049436639,11.187936114126222,2.740883304469917,27,3,seconds,"{'days': 17.87778409169658, 'seconds': 80.82077864478663, 'minutes': 1.2792615486964838, 'hours': 0.02217571482030741}"
BPIC15_4.xes,1053,1049,0.99,0.68,1047,356,47293,32338,21270,2.223460272684532,3.4117563651759424,50,1,6315,5.120823436262866,5.221947720707622,50,2,5.997150997150997,3.5154454759644,21,66.40553560852389,27.417299770838028,44.91263057929724,14.954746757567657,116,1,seconds,"{'days': 48.237582728945085, 'seconds': 50.90605375002644, 'minutes': 0.8394476983908824, 'hours': 0.016915822637599644}"
Hospital_log.xes.gz,1143,981,0.99,0.97,1135,624,150291,145775,19891,7.555728721532351,11.44745789874321,283,1,15375,9.48130081300813,12.377607841594454,283,2,13.451443569553806,17.30095851687265,119,88.81107885000745,16.173951177477857,131.48818897637796,202.6173820143599,1814,1,hours,"{'days': 42.09167548289651, 'hours': 57.90832451710348}"
Credit Requirement.xes,10035,1,1.0,0.93,10035,8,150525,140490,80280,1.875,0.330720973686285,2,1,70245,2.0,0.0,2,2,7.0,0.0,7,93.33333333334608,0.0,15.0,0.0,15,15,seconds,"{'seconds': 98.33582461385151, 'minutes': 1.6322869955156951, 'hours': 0.03188839063278525}"
Road_Traffic_Fine_Management_Process.xes.gz,150370,231,0.06,0.04,9166,11,561470,21308,549452,1.021872702256066,0.1769865473620142,3,1,9290,2.293649085037675,0.45545760445517564,3,2,0.06178094034714371,0.2441592049254332,2,4.7473876190703415,19.671146023897204,3.7339229899581032,1.6410170932244625,20,2,days,{'days': 100.0}
BPIC18_Reference_alignment.xes.gz,43802,515,0.99,0.68,43454,6,128554,86908,85100,1.5106227967097532,0.4998900805365952,2,1,43454,2.0,0.0,2,2,0.9920551572987535,0.08878007726728751,1,83.81877941853215,26.58597144188792,2.934888817862198,2.2663266935739776,61,2,seconds,"{'seconds': 98.31510493644694, 'minutes': 1.6755604648630147, 'hours': 0.009334598690044651}"
BPI_Challenge_2013_incidents.xes.gz,7554,1511,0.0,0.0,0,4,65533,0,65533,1.0,0.0,1,1,0,0.0,0.0,0,0,0.0,0.0,0,0.0,0.0,8.675271379401641,7.625575583397687,123,1,seconds,"{'seconds': 98.31077472418475, 'minutes': 1.6617581981597056, 'hours': 0.027467077655532326}"
PermitLog.xes.gz,7065,1478,0.13,0.02,922,51,86581,2164,85456,1.0131646695375398,0.12569808566065963,7,1,1039,2.082771896053898,0.37617076962260526,7,2,0.14706298655343242,0.4196816927631142,8,2.7143565139219077,7.756874871074997,12.254918612880397,5.5852282977938446,90,3,seconds,"{'days': 16.321132812048834, 'seconds': 82.37719592058303, 'minutes': 1.2785715110705582, 'hours': 0.02309975629757106}"
BPIC18_Payment_application.xes.gz,43809,3832,0.15,0.01,6418,24,984613,13904,977661,1.007110849261656,0.08402554555639688,2,1,6952,2.0,0.0,2,2,0.1586888538884704,0.40299947933627694,5,1.4935492484797928,3.781621419855083,22.475130680910315,7.625300343264056,100,5,milliseconds,"{'days': 8.898521551106882, 'milliseconds': 90.4395940333918, 'seconds': 0.08866427723379643, 'minutes': 0.0016250039355564063, 'hours': 0.571595134331966}"
