log,model,method,dl_similarity,ges_approx,ttne_mae_minutes,rrt_mae_minutes,nb_f1,nb_accuracy,nb_tp,nb_fp,nb_fn,nb_tn,first_step_f1,first_step_accuracy,training_time_seconds,inference_time_seconds,evaluation_time_seconds,testing_time_seconds,num_trainable_params
Sepsis,suffix_tf_nb_v6,gatv2_tf_nb_v6,0.562267,0.511201,,,0.695849,0.644844,6311,1311,4206,3706,0.559737,0.593588,1125.53,8.83,2.16,10.99,206684
BPI_Challenge_2012_A,suffix_tf_nb_v6,gatv2_tf_nb_v6,0.683541,0.670489,,,0.894703,0.835912,16671,0,3924,3319,0.744841,0.788099,2266.0,28.83,3.57,32.39,205968
BPI_Challenge_2012_O,suffix_tf_nb_v6,gatv2_tf_nb_v6,0.73397,0.719278,,,0.801304,0.678703,10693,762,4541,509,0.790006,0.825476,2945.98,18.31,2.44,20.74,205619
BPIC15_3,suffix_tf_nb_v6,gatv2_tf_nb_v6,0.226613,0.215209,,,0.279551,0.460641,5514,24435,3986,18759,0.261088,0.245902,3010.62,16.73,15.51,32.25,248587
BPIC15_5,suffix_tf_nb_v6,gatv2_tf_nb_v6,0.182228,0.204968,,,0.302348,0.744976,2189,6040,4062,27321,0.232641,0.230039,2134.57,13.29,46.83,60.12,246924
BPIC15_2,suffix_tf_nb_v6,gatv2_tf_nb_v6,0.191136,0.213627,,,0.326279,0.731546,2066,4290,4242,21184,0.209268,0.198738,5448.82,12.88,18.6,31.49,247939
BPIC15_1,suffix_tf_nb_v6,gatv2_tf_nb_v6,0.185771,0.201719,,,0.294625,0.41536,4922,21446,2122,11822,0.172097,0.167671,5728.91,13.11,14.14,27.25,249235
BPIC15_4,suffix_tf_nb_v6,gatv2_tf_nb_v6,0.285125,0.276369,,,0.373147,0.674638,2543,5911,2633,15173,0.199385,0.212819,3643.47,9.74,7.95,17.69,244965
Credit Requirement,suffix_tf_nb_v6,gatv2_tf_nb_v6,1.0,1.0,,,1.0,1.0,56777,0,0,42481,1.0,1.0,3347.05,49.9,6.49,56.38,205689
Electronic Invoicing,suffix_tf_nb_v6,gatv2_tf_nb_v6,0.907136,0.895941,,,0.9786,0.979048,106755,12,4657,111424,0.999806,0.999806,7137.43,102.62,14.24,116.86,205759
